md5,type_description,vhash,creation_date,last_modification_date,type_tag,size
00417653F6245DD39F114E4AD093B43F,Win32 EXE,016056655d1c0510d043z8003d7z47z62z3ffz,1544912681,1627041176,peexe,1348507
C70889B47133396C23D32DD6C5720325,Win32 EXE,036086655d55151d157560b012z6200a56z150e5za0600e53z19z,1626278685,1629387741,peexe,3813280
2C5140076BF00C3D77C30E4849107AE9,Win32 EXE,016066655d1555555210b02002300a56z161d013zf2za2030e039z,1608738692,1626479484,peexe,1009152
D3D79F8F3809AE58A8D030DE3F0F8ABC,Win32 EXE,016066655d1555755210b02002300a56z161d013zf2za2030e039z,1625133789,1626442948,peexe,1180160
3493DCC0EDDA5E30E26AA552D7EDCC8C,Win32 DLL,125056655d15156az51nz1ez4,1626279843,1632209359,pedll,206336
5EE0A1BCA69F9D0D1F9A24923E52F01B,Win32 DLL,1260b6551d15657f1e1e1bzc?z1,1595080050,1634859663,pedll,2736936
638289A3E2FADB26FB06E2CA54B923FA,Win32 EXE,014056651d15555bzejz2jz,1625788140,1635159084,peexe,11776
AC1E50E69E4B74EF020DE708E32AC8BD,Win32 EXE,016046655d15714022z2a00b37z907023z808005b03dz,1622016,1627084186,peexe,1766544
6FF884B56AD339D184F79527ACA7DB47,Win32 EXE,0370c76d1565155c055d5291z10a3100b29c022z22185zf2z8d03001d236zb,1530632842,1626803499,peexe,34615296
929C7F7E7770F2E7CDE00A04CC91854E,Win32 DLL,126056655d155557z1003iz12z14z102020035001,1613712657,1632923773,pedll,2014720
FAD38E650676E9486BD4456AD15D1F3F,Win32 EXE,215036756512f097243550410,3712164621,1634407454,peexe,185856
7C6DAA2A0B2E2A7911B749132EF4C2CF,Win32 EXE,016066651d1c0555109043z800467z47z62z4403dz,1330111204,1627132644,peexe,1449176
CEFD0B6A81C8A58E1696AE7CF4FB0868,Win32 EXE,0750866d1c0d1c051505105016z1c9z5bz1fz,708992537,1626887117,peexe,794016
F38B3602203AE1E7CA6E875F6510ABB3,Win32 EXE,014056655d15156058z1bdz1pz,1626708343,1634856441,peexe,19456
34FB289E9FEE64CD7D4B588F0AF35A87,Win32 EXE,0360a6666d6c0d5d151c0161e020051z9401023zf125z92zbe03cz3,1605433712,1635506400,peexe,3232768
B27BF3DCF7F6BEFC64B03106B7EC35A4,Win32 EXE,036056655d55756150100106200b26z150e5zb0600e63z11d7z,1626261464,1635287919,peexe,3933120
FEE6F18453719080E90C4690449A02F1,Win32 EXE,037046655d155az89!z,1454528305,1626869071,peexe,30687854
705E0DE4275EFC3F1FED585A3C35A247,Win32 EXE,01503e0f7d11z13z11z6015z1015z13z1fz,1303990700,1633943163,peexe,162272
72C137EFE88D3E115455378A53E1699D,Win32 EXE,29503675551380e16b37eb480,1626997764,1628562842,peexe,959488
81DB2BDE8945985CE805776F4358B5EF,Win32 EXE,066076655d155515155048z5f!z,1626080820,1627678621,peexe,6628305
90B6F298A9DAD5DC43220C056F09E246,Win32 EXE,025056651d15556048z4cjz1jz,1626759728,1635378901,peexe,283648
B54DBD344F0D32E443A3273377B0DC99,Win32 EXE,046056655d5c05709043z8003b7z47z62z3e03dz,1260053446,1627009158,peexe,4059200
E97095F7A58CA1C6C583BBD8ECE4F6F4,Win32 EXE,0750866d1c0d5c051565603172z36002a7z203bz403dz,708992537,1627532383,peexe,754176
C1F8A53FC91C813B1D8A66D70D30E2C9,Win32 EXE,016066651d1c0575709043z800467z47z62z4403dz,1330111204,1633819720,peexe,1318912
E196045028AEB44A874A1B7EB0D3A76F,Win32 EXE,016046655d15103013zb005d215z3045z72z37fz,1336649870,1628174078,peexe,1780029
680D2ED84CDDC43E783FFEBFD1916BE4,Win32 EXE,026056655d155560e5z4007e7z6015z3010025fz,1593136416,1635503111,peexe,2262715
